symbol,name,report_date,pub_date,year,quarter,roe,net_margin,gross_margin,net_profit,eps,revenue,debt_ratio,source
000063,,2026-03-31,2026-04-25,2026,1,0.0172,0.0377,0.2828,1318230000.0,0.9355,,0.543,baostock
000333,,2026-03-31,2026-04-30,2026,1,0.0556,0.0981,0.2557,12859511000.0,5.813,,0.2849,baostock
000400,,2026-03-31,2026-04-11,2026,1,0.0091,0.0532,0.1901,126564731.5,1.0511,,0.6205,baostock
000533,,2026-03-31,2026-04-30,2026,1,0.0173,0.0477,0.1912,23489382.25,0.1438,,0.2221,baostock
000620,,2026-03-31,2026-04-29,2026,1,-0.032,-0.4187,-0.0247,-121401539.77,-0.2027,,0.1427,baostock
000636,,2026-03-31,2026-04-29,2026,1,0.0071,0.0588,0.1678,89079604.5,0.2656,,1.0069,baostock
000681,,2026-03-31,2026-04-30,2026,1,0.0641,1.2973,0.4237,240411570.29,0.434,,1.4629,baostock
000880,,2026-03-31,2026-04-30,2026,1,0.0256,0.0264,0.0887,54594888.12,0.5685,,0.3933,baostock
000938,,2026-03-31,2026-04-29,2026,1,0.0521,0.0343,0.1288,960696454.81,0.7429,,0.1288,baostock
000959,,2026-03-31,2026-04-18,2026,1,0.0035,0.0062,0.0464,154554262.66,0.1083,,0.1401,baostock
000970,,2026-03-31,2026-04-25,2026,1,0.0025,0.0127,0.1284,21357409.48,0.0775,,1.0803,baostock
000977,,2026-03-31,2026-04-30,2026,1,0.0275,0.0171,0.0664,604884837.99,1.74,,0.1989,baostock
000988,,2026-03-31,2026-04-27,2026,1,0.0561,0.151,0.1981,644093036.25,1.6901,,0.39,baostock
001309,,2026-03-31,2026-04-30,2026,1,0.6765,0.4439,0.5742,3346185437.62,18.0898,,,baostock
001896,,2026-03-31,2026-04-30,2026,1,0.0083,0.0153,0.0892,39556508.58,0.246,,0.3672,baostock
002028,,2026-03-31,2026-04-25,2026,1,0.0348,0.1252,0.2895,571789636.63,4.1582,,0.5375,baostock
002049,,2026-03-31,2026-04-28,2026,1,0.024,0.2223,0.5258,333308071.87,1.9446,,1.0512,baostock
002050,,2026-03-31,2026-04-30,2026,1,0.0288,0.1223,0.278,950867700.26,0.9713,,1.0584,baostock
002063,,2026-03-31,2026-04-25,2026,1,0.0027,0.0276,0.4543,11549293.86,0.1574,,1.5268,baostock
002080,,2026-03-31,2026-04-25,2026,1,0.0251,0.0857,0.2094,587666705.13,1.1698,,0.0677,baostock
002090,,2026-03-31,2026-04-29,2026,1,0.0141,0.0664,0.2834,21770142.31,0.1812,,0.5954,baostock
002130,,2026-03-31,2026-04-24,2026,1,0.0296,0.1197,0.3046,243207408.13,0.8035,,0.8763,baostock
002131,,2026-03-31,2026-04-29,2026,1,0.0024,0.0043,0.0684,21738231.59,-0.0064,,1.1658,baostock
002138,,2026-03-31,2026-04-30,2026,1,0.0271,0.1174,0.3253,197792024.13,1.1977,,0.0928,baostock
002151,,2026-03-31,2026-04-27,2026,1,0.0028,0.0139,0.379,8544833.12,-0.3941,,1.5995,baostock
002156,,2026-03-31,2026-04-30,2026,1,0.0211,0.0468,0.1332,350243523.53,0.9531,,0.228,baostock
002179,,2026-03-31,2026-04-25,2026,1,0.0163,0.0878,0.28,427892382.03,0.9067,,0.3615,baostock
002185,,2026-03-31,2026-04-29,2026,1,0.0049,0.0157,0.1132,75299893.62,0.2497,,0.4307,baostock
002202,,2026-03-31,2026-04-25,2026,1,0.0206,0.0651,0.1676,1007542838.04,0.7371,,0.1486,baostock
002212,,2026-03-31,2026-04-30,2026,1,-0.0105,-0.4476,0.566,-100776846.7,0.0355,,,baostock
002222,,2026-03-31,2026-04-29,2026,1,0.0363,0.2328,0.4493,75534405.96,0.625,,,baostock
002223,,2025-12-31,2026-04-25,2025,4,,,,,,,0.2354,baostock
002223,,2026-03-31,2026-04-25,2026,1,0.0319,0.1811,0.5021,429211239.02,1.2822,,,baostock
002230,,2026-03-31,2026-04-29,2026,1,-0.009,-0.0356,0.3897,-187789016.67,0.3733,,0.1507,baostock
002236,,2026-03-31,2026-04-18,2026,1,0.0183,0.1031,0.4377,711963200.07,1.1873,,0.6475,baostock
002241,,2026-03-31,2026-04-24,2026,1,0.0136,0.028,0.1377,522465283.82,1.1197,,0.5214,baostock
002261,,2026-03-31,2026-04-28,2026,1,0.0239,0.097,0.1721,57583568.91,0.0475,,0.9138,baostock
002270,,2026-03-31,2026-04-27,2026,1,0.0521,0.3092,0.5325,163966675.85,0.7826,,0.7684,baostock
002273,,2026-03-31,2026-04-23,2026,1,0.0247,0.1365,0.2947,234897195.18,0.8617,,0.7222,baostock
002281,,2026-03-31,2026-04-23,2026,1,0.0235,0.0838,0.2683,232478183.87,1.2844,,0.5746,baostock
002335,,2026-03-31,2026-04-27,2026,1,0.0121,0.0569,0.2785,81304681.31,0.8286,,0.3483,baostock
002352,,2026-03-31,2026-04-29,2026,1,0.0253,0.0358,0.1374,2650843000.0,2.2639,,0.6044,baostock
002364,,2026-03-31,2026-04-28,2026,1,0.01,0.0559,0.2567,23389811.88,0.2325,,0.3945,baostock
002371,,2026-03-31,2026-04-30,2026,1,0.0425,0.1519,0.4077,1567956334.89,7.6928,,0.7185,baostock
002373,,2026-03-31,2026-04-28,2026,1,0.0003,0.0007,0.381,975922.85,0.0324,,0.7614,baostock
002384,,2026-03-31,2026-04-28,2026,1,0.0503,0.0856,0.1933,1124152991.38,1.1138,,0.3222,baostock
002396,,2026-03-31,2026-04-21,2026,1,0.0053,0.0268,0.3192,104646728.69,0.6897,,0.3233,baostock
002400,,2026-03-31,2026-04-29,2026,1,0.0031,0.0036,0.0608,15904641.3,0.0457,,0.1657,baostock
002405,,2026-03-31,2026-04-29,2026,1,-0.0163,-0.1711,0.2936,-146645673.77,0.0471,,0.7064,baostock
002415,,2026-03-31,2026-04-18,2026,1,0.0328,0.1574,0.4909,3261544265.74,1.6299,,1.0967,baostock
002421,,2026-03-31,2026-04-30,2026,1,-0.006,-0.0317,0.2469,-16335832.36,-0.2961,,0.6253,baostock
002422,,2026-03-31,2026-04-29,2026,1,0.0186,0.111,0.4531,472700274.0,0.9833,,0.8213,baostock
002436,,2026-03-31,2026-04-25,2026,1,0.0035,-0.0252,0.1917,-45742630.48,0.0849,,0.3184,baostock
002439,,2026-03-31,2026-04-29,2026,1,0.0045,0.073,0.582,48712675.91,-0.4336,,0.5014,baostock
002463,,2026-03-31,2026-04-23,2026,1,0.0779,0.1998,0.3563,1241439745.0,2.2355,,0.3475,baostock
002472,,2026-03-31,2026-04-24,2026,1,0.028,0.1432,0.2755,300128836.63,1.4938,,0.3878,baostock
002475,,2026-03-31,2026-04-29,2026,1,0.0421,0.0473,0.1192,3967636788.13,2.3629,,0.4103,baostock
002517,,2026-03-31,2026-04-29,2026,1,0.0771,0.3704,0.8075,822845904.81,1.0139,,1.9222,baostock
002518,,2026-03-31,2026-04-27,2026,1,0.0283,0.114,0.2971,141434506.97,1.0966,,0.6286,baostock
002555,,2026-03-31,2026-04-28,2026,1,0.0623,0.2341,0.7788,870975285.41,1.4575,,0.8889,baostock
002558,,2026-03-31,2026-04-28,2026,1,0.0681,0.5007,0.9538,1165928106.2,1.3086,,1.8826,baostock
002575,,2026-03-31,2026-04-28,2026,1,-0.0011,-0.0165,0.1141,-1065236.88,-0.0199,,1.8631,baostock
002594,,2026-03-31,2026-04-29,2026,1,0.0165,0.0267,0.1881,4010931000.0,3.0216,,0.2669,baostock
002602,,2026-03-31,2026-04-30,2026,1,0.0644,0.1861,0.7205,2048857358.44,0.8524,,1.2416,baostock
002624,,2026-03-31,2026-04-28,2026,1,0.0143,0.0867,0.6671,101536907.25,0.2739,,1.2829,baostock
002636,,2026-03-31,2026-04-29,2026,1,0.0544,0.16,0.2644,201582306.85,0.6583,,0.1891,baostock
002703,,2026-03-31,2026-04-27,2026,1,0.02,0.0592,0.2128,44593215.59,0.2111,,0.324,baostock
002714,,2026-03-31,2026-04-22,2026,1,-0.0147,-0.0409,0.0517,-1222150012.25,1.6943,,0.2243,baostock
002747,,2026-03-31,2026-04-30,2026,1,0.0376,0.0796,0.3039,96801452.95,0.1345,,0.413,baostock
002757,,2026-03-31,2026-04-25,2026,1,0.0213,0.0544,0.1611,45370842.45,0.407,,0.9607,baostock
002766,,2026-03-31,2026-04-28,2026,1,-0.0168,-0.1951,0.2492,-18636023.14,-0.086,,4.2574,baostock
002837,,2026-03-31,2026-04-21,2026,1,0.0025,0.012,0.2429,14161062.09,0.4937,,0.2608,baostock
002841,,2026-03-31,2026-04-23,2026,1,0.0183,0.0407,0.2075,252768747.25,1.5781,,0.2658,baostock
002851,,2026-03-31,2026-04-29,2026,1,0.0151,0.0461,0.2157,128471753.01,0.2634,,0.4763,baostock
002916,,2026-03-31,2026-04-24,2026,1,0.0483,0.1291,0.2917,851291856.45,5.3357,,0.0924,baostock
002920,,2026-03-31,2026-04-28,2026,1,0.0302,0.072,0.186,467403090.53,3.9088,,0.3843,baostock
002929,,2026-03-31,2026-04-30,2026,1,0.002,0.0049,0.146,8986831.66,-0.0662,,0.2056,baostock
002931,,2026-03-31,2026-04-28,2026,1,0.0035,0.0259,0.2087,3313335.28,0.0821,,2.1075,baostock
002938,,2026-03-31,2026-04-30,2026,1,0.0135,0.0558,0.2295,445575362.8,1.6015,,1.0289,baostock
002955,,2026-03-31,2026-04-25,2026,1,-0.0113,-0.0614,0.2353,-37781381.89,0.0398,,2.4826,baostock
003031,,2026-03-31,2026-04-29,2026,1,0.0297,0.1902,0.3055,209008036.72,1.4036,,2.5389,baostock
003816,,2026-03-31,2026-04-29,2026,1,0.022,0.2491,0.3937,4065474080.41,0.1878,,0.2074,baostock
300014,,2026-03-31,2026-04-25,2026,1,0.0335,0.0698,0.1404,1442999407.57,2.1577,,,baostock
300017,,2026-03-31,2026-04-25,2026,1,0.0115,0.1083,0.3708,120787496.24,0.2962,,,baostock
300033,,2026-03-31,2026-04-23,2026,1,0.0311,0.2429,0.8499,255922385.71,6.214,,1.4942,baostock
300036,,2026-03-31,2026-04-28,2026,1,-0.0158,-0.2293,0.6088,-42439557.3,0.0982,,1.0598,baostock
300042,,2025-12-31,2026-04-10,2025,4,,,,,,,1.707,baostock
300042,,2026-03-31,2026-04-29,2026,1,0.0747,0.1681,0.2525,81740863.37,0.6075,,,baostock
300054,,2026-03-31,2026-04-28,2026,1,0.047,0.2557,0.5495,260874206.13,0.8756,,1.0554,baostock
300058,,2026-03-31,2026-04-23,2026,1,0.0159,0.0067,0.0259,125952219.35,0.0711,,0.2134,baostock
300059,,2026-03-31,2026-04-25,2026,1,0.0399,0.7429,0.7397,3737779855.92,0.8294,,0.8126,baostock
300068,,2026-03-31,2026-04-29,2026,1,-0.2422,-0.3157,-0.0402,-306456416.21,-2.9836,,0.0495,baostock
300124,,2026-03-31,2026-04-28,2026,1,0.0283,0.1008,0.2908,1022833839.31,1.751,,0.3502,baostock
300153,,2026-03-31,2026-04-27,2026,1,0.0219,0.033,0.152,20336838.42,0.1795,,0.275,baostock
300177,,2026-03-31,2026-04-25,2026,1,-0.0228,-0.1945,0.372,-30979302.82,-0.319,,0.3883,baostock
300212,,2026-03-31,2026-04-29,2026,1,,,,,,,0.0757,baostock
300223,,2026-03-31,2026-04-29,2026,1,,,,,,,5.112,baostock
300236,,2025-12-31,2026-03-13,2025,4,0.0621,0.1554,0.41,300971529.3,0.9594,,,baostock
300236,,2026-03-31,2026-04-29,2026,1,,,,,,,0.8299,baostock
300249,,2026-03-31,2026-04-21,2026,1,0.0301,0.0223,0.1665,9321579.41,0.0748,,0.0805,baostock
300252,,2026-03-31,2026-04-28,2026,1,0.0096,0.0235,0.1899,15860881.95,0.0488,,0.185,baostock
300253,,2026-03-31,2026-04-23,2026,1,0.0025,-0.0034,0.3077,-1339931.85,-0.1648,,1.0682,baostock
300271,,2026-03-31,2026-04-28,2026,1,-0.0158,-0.3683,0.3676,-63246877.92,-0.2536,,1.6936,baostock
300274,,2026-03-31,2026-04-28,2026,1,0.0481,0.1443,0.3326,2245933741.73,5.7526,,0.574,baostock
300308,,2026-03-31,2026-04-17,2026,1,0.1755,0.324,0.4606,6316792027.02,13.4539,,,baostock
300319,,2026-03-31,2026-04-23,2026,1,0.0096,0.0551,0.154,47647976.31,0.3393,,,baostock
300347,,2026-03-31,2026-04-29,2026,1,0.0023,0.1832,0.2664,330083645.62,0.896,,,baostock
300364,,2026-03-31,2026-04-23,2026,1,-0.1672,-0.1491,0.4695,-46253388.14,-0.8632,,,baostock
300369,,2025-12-31,2026-04-23,2025,4,,,,,,,0.2305,baostock
300369,,2026-03-31,2026-04-29,2026,1,-0.0379,-0.2698,0.446,-98328151.68,-0.0513,,,baostock
300376,,2026-03-31,2026-04-29,2026,1,0.0023,0.0142,0.2352,11595830.61,-0.0023,,0.5847,baostock
300383,,2026-03-31,2026-04-29,2026,1,0.0019,0.0121,0.1409,19828960.16,-0.4483,,0.5065,baostock
300394,,2026-03-31,2026-04-21,2026,1,0.0857,0.3701,0.566,492269821.58,2.7937,,3.3412,baostock
300408,,2026-03-31,2026-04-24,2026,1,0.0359,0.295,0.4349,790805130.26,1.501,,2.052,baostock
300418,,2026-03-31,2026-04-29,2026,1,-0.0698,-0.4202,0.6623,-1079955849.63,-1.3627,,0.721,baostock
300442,,2026-03-31,2026-04-10,2026,1,0.0417,0.3184,0.468,585723739.28,3.1829,,0.6573,baostock
300451,,2026-03-31,2026-04-29,2026,1,-0.02,-0.3942,0.4374,-77773623.25,-0.3005,,0.2369,baostock
300454,,2026-03-31,2026-04-28,2026,1,-0.0063,-0.0397,0.6033,-64503007.68,1.3391,,0.3287,baostock
300459,,2026-03-31,2026-04-29,2026,1,0.0407,0.1265,0.8717,30163137.61,-0.3346,,0.1739,baostock
300475,,2026-03-31,2026-04-24,2026,1,0.3148,0.0565,0.0912,1343386535.77,3.9908,,0.4163,baostock
300476,,2026-03-31,2026-04-29,2026,1,0.0757,0.2334,0.3446,1288427592.46,5.3633,,0.2684,baostock
300496,,2026-03-31,2026-04-27,2026,1,0.0099,0.0515,0.3271,90035276.58,0.9982,,0.8188,baostock
300499,,2026-03-31,2026-04-24,2026,1,0.0109,0.0817,0.3068,17326815.9,0.1,,0.245,baostock
300502,,2026-03-31,2026-04-24,2026,1,0.1452,0.3327,0.4916,2774196263.34,10.8043,,0.9618,baostock
300548,,2026-03-31,2026-04-29,2026,1,0.0641,0.3184,0.4922,213522695.64,1.2869,,1.9346,baostock
300559,,2026-03-31,2026-04-23,2026,1,-0.0047,-0.1267,0.4404,-5706431.12,0.0905,,3.4532,baostock
300567,,2026-03-31,2026-04-28,2026,1,0.0097,0.0414,0.4544,30612037.04,0.3115,,0.4211,baostock
300570,,2026-03-31,2026-04-24,2026,1,0.0378,0.1978,0.378,67390990.84,1.2564,,1.4128,baostock
300571,,2026-03-31,2026-04-29,2026,1,0.004,0.0109,0.1019,4283878.27,-1.4769,,0.3487,baostock
300604,,2026-03-31,2026-04-25,2026,1,0.0717,0.2605,0.5681,359098469.15,2.4793,,0.4031,baostock
300607,,2026-03-31,2026-04-23,2026,1,0.0166,0.0797,0.3249,42845373.9,0.2476,,0.4608,baostock
300624,,2026-03-31,2026-04-28,2026,1,-0.048,-0.1295,0.8766,-47735290.91,-0.5503,,1.0318,baostock
300627,,2026-03-31,2026-04-24,2026,1,0.0293,0.1578,0.604,127342017.25,0.849,,1.038,baostock
300661,,2026-03-31,2026-04-27,2026,1,0.023,0.1118,0.5163,122767676.57,0.9847,,2.053,baostock
300666,,2026-03-31,2026-04-29,2026,1,0.0413,0.1414,0.3286,184536107.08,2.0806,,0.3505,baostock
300674,,2026-03-31,2026-04-29,2026,1,0.0099,0.084,0.335,42180853.92,0.5955,,1.6286,baostock
300679,,2026-03-31,2026-04-24,2026,1,0.0175,0.0748,0.283,89203528.74,0.5496,,0.7537,baostock
300682,,2026-03-31,2026-04-24,2026,1,-0.0074,-0.0804,0.5057,-55748657.45,0.0481,,,baostock
300684,,2026-03-31,2026-04-29,2026,1,0.0294,0.1605,0.34,62451627.26,1.1406,,3.1608,baostock
300738,,2026-03-31,2026-04-29,2026,1,0.0241,0.1368,0.3451,96189672.46,0.1759,,0.154,baostock
300750,,2026-03-31,2026-04-16,2026,1,0.0597,0.1761,0.2482,22737254000.0,17.304,,0.9501,baostock
300759,,2026-03-31,2026-04-29,2026,1,0.0213,0.0867,0.325,310410021.35,0.9218,,0.3557,baostock
300760,,2026-03-31,2026-04-29,2026,1,0.0596,0.2905,0.6187,2426538126.0,6.4637,,1.5401,baostock
300802,,2026-03-31,2026-04-25,2026,1,0.0216,0.159,0.3478,32599698.62,0.3177,,4.7321,baostock
300842,,2026-03-31,2026-04-29,2026,1,0.0091,0.0221,0.1117,144992037.05,-2.0414,,0.2757,baostock
300846,,2026-03-31,2026-04-27,2026,1,-0.0278,-0.0525,0.1523,-18523846.23,-0.3019,,0.2562,baostock
300857,,2026-03-31,2026-04-28,2026,1,0.1566,0.1228,0.2253,747390060.74,5.0431,,0.1804,baostock
300863,,2026-03-31,2026-04-25,2026,1,0.0698,0.0997,0.1003,100605835.43,0.8868,,0.1914,baostock
300870,,2026-03-31,2026-04-27,2026,1,-0.0047,-0.0117,0.1701,-12227960.87,1.6683,,0.5203,baostock
300913,,2026-03-31,2026-04-28,2026,1,0.0185,0.0955,0.2107,48548763.99,0.7215,,4.3611,baostock
300990,,2026-03-31,2026-04-24,2026,1,0.0283,0.0856,0.2279,59774437.93,1.4701,,1.0016,baostock
301018,,2026-03-31,2026-04-29,2026,1,0.0103,0.0505,0.206,31195234.85,0.7177,,0.283,baostock
301095,,2026-03-31,2026-04-27,2026,1,-0.0034,-0.1377,0.561,-14507255.33,0.4578,,2.0019,baostock
301165,,2026-03-31,2026-04-21,2026,1,0.0243,0.041,0.357,122923019.47,0.8951,,0.2126,baostock
301183,,2026-03-31,2026-04-27,2026,1,0.0289,0.1361,0.2573,28065377.13,1.3556,,0.4372,baostock
301269,,2026-03-31,2026-04-28,2026,1,-0.014,-0.2844,0.788,-73070246.63,-0.0398,,2.5307,baostock
301291,,2026-03-31,2026-04-29,2026,1,0.0049,0.0256,0.1775,24606702.58,1.6036,,0.3898,baostock
301308,,2026-03-31,2026-04-28,2026,1,0.3855,0.4016,0.5553,3979365333.6,12.9725,,0.309,baostock
301377,,2026-03-31,2026-04-16,2026,1,0.0939,0.3196,0.5325,260193145.67,1.5162,,0.3705,baostock
301556,,2026-03-31,2026-04-27,2026,1,0.0062,0.0869,0.466,6123916.82,1.2594,,2.1055,baostock
301666,,2026-03-31,2026-04-29,2026,1,0.6071,0.2823,0.3756,369740090.5,0.0331,,0.1842,baostock
600019,,2026-03-31,2026-04-30,2026,1,0.0107,0.0327,0.0662,2516570890.83,0.4653,,0.1727,baostock
600021,,2026-03-31,2026-04-28,2026,1,0.0165,0.1115,0.2224,1106166284.25,0.8881,,0.1623,baostock
600050,,2026-03-31,2026-04-22,2026,1,,,,,,,0.159,baostock
600055,,2026-03-31,2026-04-25,2026,1,-0.0036,-0.0384,0.2482,-15624126.49,-0.3966,,3.7809,baostock
600089,,2026-03-31,2026-04-30,2026,1,0.024,0.0858,0.2112,2141208723.92,1.2208,,0.3511,baostock
600131,,2025-12-31,2026-04-25,2025,4,,,,,,,0.3194,baostock
600131,,2026-03-31,2026-04-25,2026,1,0.0007,0.0038,0.133,5121974.58,0.5474,,,baostock
600160,,2026-03-31,2026-04-29,2026,1,0.0558,0.2162,0.3439,1300931747.67,1.5381,,,baostock
600183,,2026-03-31,2026-04-29,2026,1,0.0668,0.1636,0.281,1332307575.73,1.6172,,,baostock
600186,,2026-03-31,2026-04-23,2026,1,0.0745,0.1438,0.3143,146155583.72,0.1961,,,baostock
600276,,2026-03-31,2026-04-23,2026,1,0.0365,0.2802,0.866,2280994705.34,1.2233,,,baostock
600353,,2026-03-31,2026-04-30,2026,1,0.0174,0.0688,0.2256,25670909.47,0.1986,,0.2933,baostock
600362,,2026-03-31,2026-04-29,2026,1,0.0341,0.0226,0.0507,3145253919.0,2.309,,0.4676,baostock
600406,,2026-03-31,2026-04-30,2026,1,0.0136,0.0779,0.251,745050460.84,1.0359,,0.557,baostock
600438,,2026-03-31,2026-04-30,2026,1,-0.0649,-0.2651,-0.0403,-3214236270.95,-2.0891,,0.4798,baostock
600446,,2026-03-31,2026-04-25,2026,1,-0.0137,-0.1037,0.3463,-47923499.11,-0.1297,,0.9556,baostock
600487,,2026-03-31,2026-04-25,2026,1,0.0344,0.0664,0.1598,1181936812.75,1.3091,,0.4066,baostock
600498,,2026-03-31,2026-04-30,2026,1,0.0022,0.0082,0.2644,36899411.95,0.3085,,0.2264,baostock
600521,,2026-03-31,2026-04-30,2026,1,0.0419,0.1706,0.5767,398341441.17,0.2492,,0.2169,baostock
600522,,2026-03-31,2026-04-25,2026,1,0.0243,0.0721,0.1558,947421257.02,0.9357,,0.6807,baostock
600550,,2026-03-31,2026-04-11,2026,1,0.0689,0.0408,0.1224,66721428.73,0.124,,0.1455,baostock
600570,,2026-03-31,2026-04-30,2026,1,0.014,0.1825,0.6796,165233588.42,0.7069,,0.8086,baostock
600577,,2026-03-31,2026-04-30,2026,1,0.022,0.0206,0.0535,145161719.16,0.2838,,0.237,baostock
600584,,2026-03-31,2026-04-29,2026,1,0.0101,0.0304,0.1455,278881514.87,0.9233,,0.4929,baostock
600588,,2026-03-31,2026-04-25,2026,1,-0.0997,-0.5101,0.4472,-744385864.0,-0.4027,,0.2917,baostock
600589,,2026-03-31,2026-04-30,2026,1,-0.0501,-0.2541,0.1178,-31648922.95,-0.0688,,0.1594,baostock
600590,,2026-03-31,2026-04-29,2026,1,0.0153,0.0574,0.1596,55164636.5,0.0881,,0.1262,baostock
600633,,2026-03-31,2026-04-29,2026,1,0.0155,0.1753,0.384,153136504.6,0.4644,,0.962,baostock
600673,,2026-03-31,2026-04-28,2026,1,0.0124,0.0324,0.192,137594062.63,0.0388,,0.3812,baostock
600699,,2026-03-31,2026-04-28,2026,1,0.0231,0.0335,0.1767,462718972.33,0.9011,,0.4591,baostock
600703,,2026-03-31,2026-04-25,2026,1,0.0019,0.0248,0.1848,71968064.35,-0.0997,,0.5435,baostock
600718,,2026-03-31,2026-04-29,2026,1,-0.0165,-0.0804,0.269,-152318546.0,-0.4125,,0.2734,baostock
600728,,2026-03-31,2026-04-30,2026,1,,,,,,,0.313,baostock
600745,,2026-03-31,2026-04-30,2026,1,-0.0077,-0.2375,0.2786,-193898732.16,-7.3902,,0.7042,baostock
600795,,2026-03-31,2026-04-29,2026,1,0.0232,0.0635,0.1232,2487247802.49,0.3784,,0.109,baostock
600841,,2026-03-31,2026-04-28,2026,1,0.0057,0.0237,0.1037,36199600.85,2.247,,0.7479,baostock
600875,,2026-03-31,2026-04-30,2026,1,0.0344,0.0909,0.1718,1565490250.55,1.2326,,0.2897,baostock
600900,,2026-03-31,2026-04-30,2026,1,0.0301,0.38,0.5565,6883297422.33,1.4747,,0.0661,baostock
600941,,2026-03-31,2026-04-21,2026,1,0.0208,0.1102,0.2535,29354000000.0,6.2706,,0.5349,baostock
600973,,2026-03-31,2026-04-30,2026,1,0.0141,0.0024,0.0357,40326597.54,-0.0123,,0.2602,baostock
601012,,2026-03-31,2026-04-29,2026,1,-0.0365,-0.1776,-0.0119,-1987187612.61,-0.9117,,0.7152,baostock
601100,,2026-03-31,2026-04-28,2026,1,0.0371,0.2035,0.3857,653272475.13,2.0649,,2.3028,baostock
601138,,2026-03-31,2026-04-29,2026,1,0.0618,0.0422,0.0735,10596519000.0,2.0485,,0.3779,baostock
601179,,2026-03-31,2026-04-28,2026,1,0.015,0.0806,0.2335,444037407.87,0.2578,,0.5376,baostock
601208,,2026-03-31,2026-04-23,2026,1,0.0308,0.1274,0.1713,183937895.59,0.3766,,0.2355,baostock
601318,,2025-12-31,2026-03-27,2025,4,,,,,,,0.0,baostock
601318,,2026-03-31,2026-04-29,2026,1,0.0248,0.1523,0.0,33263000000.0,7.333,,,baostock
601360,,2026-03-31,2026-04-30,2026,1,0.0037,0.0525,0.707,105655000.0,0.0922,,3.1693,baostock
601519,,2026-03-31,2026-04-24,2026,1,-0.0225,-0.1636,0.5902,-29699789.7,-0.0382,,2.5997,baostock
601633,,2026-03-31,2026-04-25,2026,1,0.0107,0.021,0.1845,945458305.81,1.0586,,0.5238,baostock
601668,,2026-03-31,2026-04-29,2026,1,0.0279,0.032,0.0793,16359772000.0,0.9182,,0.1801,baostock
601669,,2026-03-31,2026-04-30,2026,1,0.0116,0.0183,0.1018,2656051815.18,0.542,,0.1776,baostock
601689,,2026-03-31,2026-04-30,2026,1,0.0227,0.0835,0.1926,553366673.84,1.5913,,0.2914,baostock
601727,,2026-03-31,2026-04-30,2026,1,0.0069,0.0267,0.1836,645336000.0,0.0833,,0.2408,baostock
601728,,2026-03-31,2026-04-24,2026,1,0.0158,0.0554,0.2812,7272754607.17,0.3461,,0.3362,baostock
601868,,2026-03-31,2026-04-30,2026,1,0.0117,0.0226,0.108,2306513000.0,0.1363,,0.1802,baostock
601869,,2026-03-31,2026-04-30,2026,1,0.0353,0.1584,0.4151,585263373.0,1.3977,,0.7193,baostock
601899,,2026-03-31,2026-04-22,2026,1,0.104,0.2555,0.3633,25165728674.0,2.32,,0.8018,baostock
601985,,2026-03-31,2026-04-30,2026,1,0.0172,0.2187,0.395,4139467323.76,0.4002,,0.2204,baostock
603019,,2026-03-31,2026-04-25,2026,1,,,,,,,0.5887,baostock
603039,,2026-03-31,2026-04-30,2026,1,0.0245,0.1867,0.9372,62130762.58,1.2666,,0.5094,baostock
603056,,2025-12-31,2026-04-24,2025,4,-0.0641,-0.013,0.0381,-521578024.81,-0.509,,0.3868,baostock
603186,,2026-03-31,2026-04-22,2026,1,0.0152,0.0252,0.1202,31122751.31,1.8447,,0.1256,baostock
603220,,2026-03-31,2026-04-28,2026,1,-0.0,-0.0032,0.1686,-1552019.22,0.1166,,0.4015,baostock
603228,,2026-03-31,2026-04-23,2026,1,0.0176,0.0624,0.1876,243014470.56,1.1564,,0.4216,baostock
603259,,2026-03-31,2026-04-28,2026,1,0.0567,0.3756,0.504,4670513981.33,6.7466,,2.2784,baostock
603283,,2026-03-31,2026-04-28,2026,1,0.0259,0.121,0.4366,93714286.54,1.8724,,,baostock
603297,,2026-03-31,2026-04-24,2026,1,0.0222,0.1748,0.3676,46136011.87,1.8961,,,baostock
603383,,2026-03-31,2026-04-23,2026,1,0.0304,0.3061,0.7353,45769484.62,0.99,,,baostock
603444,,2026-03-31,2026-04-24,2026,1,0.0899,0.3337,0.9377,616510600.87,28.1492,,,baostock
603501,,2026-03-31,2026-04-30,2026,1,0.0164,0.077,0.2938,493680572.36,2.92,,,baostock
603596,,2026-03-31,2026-04-29,2026,1,0.0331,0.1007,0.1943,269363859.34,2.1561,,,baostock
603629,,2026-03-31,2026-04-28,2026,1,0.1295,0.2738,0.4623,273058333.67,2.0372,,,baostock
603662,,2026-03-31,2026-04-28,2026,1,0.0148,0.1542,0.4635,55147294.53,1.0897,,,baostock
603728,,2026-03-31,2026-04-28,2026,1,0.0046,0.0195,0.3702,13688519.79,0.1618,,,baostock
603881,,2026-03-31,2026-04-25,2026,1,0.0134,0.1177,0.3175,44740406.86,0.1941,,,baostock
603887,,2026-03-31,2026-04-30,2026,1,-0.0038,-0.0274,0.2753,-13413332.96,-0.164,,,baostock
603893,,2026-03-31,2026-04-22,2026,1,0.0723,0.2731,0.4304,329194658.46,2.7546,,,baostock
603912,,2026-03-31,2026-04-30,2026,1,-0.0114,-0.1418,0.0997,-20282089.77,-0.1143,,,baostock
603985,,2026-03-31,2026-04-29,2026,1,0.0197,0.0592,0.1288,71860391.88,0.2693,,,baostock
603986,,2026-03-31,2026-04-30,2026,1,0.066,0.3516,0.5708,1472515257.26,4.1002,,,baostock
603993,,2026-03-31,2026-04-25,2026,1,0.0904,0.1329,0.2288,8823576731.21,1.1289,,0.7038,baostock
688003,,2026-03-31,2026-04-25,2026,1,0.0023,0.0116,0.4098,4442369.17,0.5821,,0.634,baostock
688008,,2026-03-31,2026-04-28,2026,1,0.0502,0.568,0.6979,829725360.22,2.0926,,22.2349,baostock
688012,,2026-03-31,2026-04-28,2026,1,0.0396,0.3151,0.3989,918439904.12,4.3582,,1.4137,baostock
688017,,2026-03-31,2026-04-23,2026,1,0.0092,0.2354,0.3362,32989050.73,0.7459,,5.6545,baostock
688019,,2026-03-31,2026-04-29,2026,1,0.0512,0.2869,0.5546,207672321.11,4.7001,,3.5836,baostock
688023,,2026-03-31,2026-04-28,2026,1,-0.0496,-0.3611,0.5565,-117348952.78,-0.5912,,0.8077,baostock
688030,,2026-03-31,2026-04-25,2026,1,,,,,,,0.1914,baostock
688031,,2026-03-31,2026-04-30,2026,1,,,,,,,1.1384,baostock
688035,,2026-03-31,2026-04-25,2026,1,,,,,,,1.1677,baostock
688037,,2026-03-31,2026-04-30,2026,1,0.0013,0.0309,0.4669,10209702.79,0.3499,,0.5246,baostock
688041,,2026-03-31,2026-04-08,2026,1,0.0299,0.2175,0.556,877361302.1,1.1728,,1.1341,baostock
688045,,2026-03-31,2026-04-23,2026,1,0.0096,0.0672,0.3373,13757611.8,0.5561,,5.4861,baostock
688066,,2025-12-31,2026-04-30,2025,4,0.0,-4.1623,0.1844,-1863930669.01,-7.1196,,,baostock
688066,,2026-03-31,2026-04-30,2026,1,,,,,,,0.0632,baostock
688072,,2026-03-31,2026-04-28,2026,1,0.0824,0.5054,0.4169,562276722.71,5.8236,,0.4924,baostock
688082,,2026-03-31,2026-04-28,2026,1,,,,,,,1.2396,baostock
688107,,2026-03-31,2026-04-29,2026,1,-0.0442,-0.2465,0.4126,-40809469.78,-0.6308,,1.6838,baostock
688110,,2026-03-31,2026-04-30,2026,1,0.0391,0.3199,0.5317,153312447.14,0.0062,,4.5342,baostock
688111,,2026-03-31,2026-04-24,2026,1,0.1569,1.3607,0.8659,2195163937.16,7.8313,,0.7204,baostock
688120,,2026-03-31,2026-04-23,2026,1,0.0326,0.2058,0.4231,247304870.48,3.1037,,0.8844,baostock
688123,,2026-03-31,2026-04-28,2026,1,0.0116,0.1162,0.4893,32529355.87,1.8635,,,baostock
688126,,2026-03-31,2026-04-30,2026,1,-0.0286,-0.4872,-0.1185,-528126450.94,-0.5392,,,baostock
688141,,2026-03-31,2026-04-30,2026,1,-0.1992,-0.3837,0.2532,-293438396.9,-1.954,,,baostock
688158,,2026-03-31,2026-04-21,2026,1,0.0011,0.0062,0.2934,2737694.79,-0.0572,,0.5193,baostock
688200,,2026-03-31,2026-04-29,2026,1,0.0228,0.3444,0.753,93620711.44,4.1936,,7.9936,baostock
688206,,2026-03-31,2026-04-30,2026,1,-0.0062,-0.1239,0.8621,-12465741.14,0.047,,3.2679,baostock
688207,,2026-03-31,2026-04-25,2026,1,-0.0221,-1.9087,0.2438,-39678008.69,-0.7051,,8.8731,baostock
688225,,2026-03-31,2026-04-28,2026,1,-0.1132,-0.3692,0.2779,-446947514.76,-1.0115,,0.3784,baostock
688226,,2026-03-31,2026-04-29,2026,1,0.0041,0.011,0.1168,11935904.03,0.1277,,0.2113,baostock
688227,,2026-03-31,2026-04-28,2026,1,-0.0122,-0.2198,0.3662,-14018538.14,-0.4625,,0.2894,baostock
688244,,2026-03-31,2026-04-29,2026,1,-0.0244,-0.7512,0.3433,-23685306.31,-0.3212,,5.0377,baostock
688256,,2026-03-31,2026-04-30,2026,1,0.082,0.3512,0.5433,1013125012.86,6.4431,,2.673,baostock
688257,,2026-03-31,2026-04-30,2026,1,0.1241,0.2921,0.4706,326460431.75,1.9503,,0.2308,baostock
688262,,2026-03-31,2026-04-24,2026,1,-0.0251,-0.3106,0.2291,-48665004.72,-0.7977,,0.3596,baostock
688268,,2026-03-31,2026-04-29,2026,1,0.0167,0.0853,0.302,32782887.12,1.0403,,1.5619,baostock
688271,,2026-03-31,2026-04-29,2026,1,0.0183,0.135,0.4716,392443483.72,2.3031,,0.9666,baostock
688300,,2026-03-31,2026-04-28,2026,1,0.0405,0.2437,0.4002,71636519.87,1.2475,,2.9049,baostock
688313,,2026-03-31,2026-04-18,2026,1,0.0724,0.2015,0.3413,116175902.84,0.8744,,0.3045,baostock
688316,,2026-03-31,2026-04-30,2026,1,-0.3676,-0.2882,0.3408,-13726601.38,-1.2001,,0.2894,baostock
688320,,2026-03-31,2026-04-29,2026,1,-0.0046,-0.0338,0.2335,-9206124.13,-0.72,,0.0945,baostock
688322,,2026-03-31,2026-04-25,2026,1,0.0104,0.1494,0.4858,30307417.84,0.3355,,2.4884,baostock
688326,,2026-03-31,2026-04-25,2026,1,-0.0439,-0.1584,0.1627,-185541285.76,0.3563,,0.2837,baostock
688327,,2026-03-31,2026-04-23,2026,1,-0.0175,-0.5121,0.4798,-11897462.61,-0.4282,,1.0571,baostock
688343,,2026-03-31,2026-04-30,2026,1,-0.0357,-0.4329,0.2814,-134862130.09,-1.3086,,2.0691,baostock
688361,,2026-03-31,2026-04-29,2026,1,-0.0133,-0.1716,0.4777,-67962003.76,0.0161,,0.8346,baostock
688362,,2026-03-31,2026-04-21,2026,1,0.0101,0.0179,0.1751,21001956.62,0.204,,0.4771,baostock
688365,,2026-03-31,2026-04-25,2026,1,0.0063,0.0285,0.7295,4035876.43,-0.0167,,0.3747,baostock
688368,,2026-03-31,2026-04-18,2026,1,0.0166,0.0604,0.3741,36759335.18,0.6134,,0.3276,baostock
688369,,2026-03-31,2026-04-21,2026,1,-0.0819,-0.5381,0.5762,-69167479.74,-1.9949,,0.9927,baostock
688383,,2026-03-31,2026-04-28,2026,1,0.0171,0.0827,0.389,20822709.02,-1.1566,,0.1366,baostock
688385,,2026-03-31,2026-04-30,2026,1,0.0239,0.1357,0.5527,140085635.73,0.2968,,0.9602,baostock
688388,,2026-03-31,2026-04-28,2026,1,0.016,0.0356,0.0748,122746359.51,0.336,,0.5154,baostock
688396,,2026-03-31,2026-04-25,2026,1,0.0143,0.1057,0.2549,301995477.67,0.6831,,2.037,baostock
688400,,2026-03-31,2026-04-29,2026,1,0.0401,0.332,0.4237,198312931.21,0.7223,,1.4495,baostock
688469,,2026-03-31,2026-04-21,2026,1,-0.0068,-0.1512,0.0569,-296683832.1,-0.0598,,0.5581,baostock
688498,,2026-03-31,2026-04-28,2026,1,0.0739,0.5051,0.7781,179441968.61,4.1426,,2.4361,baostock
688505,,2026-03-31,2026-04-30,2026,1,0.0036,0.0512,0.9176,7635510.0,-0.147,,5.7946,baostock
688521,,2026-03-31,2026-04-30,2026,1,-0.1038,-0.4078,0.3229,-340842945.2,-1.2327,,,baostock
688525,,2025-12-31,2026-03-20,2025,4,0.2173,0.0742,0.2144,838846159.26,1.8333,,,baostock
688535,,2025-12-31,2026-03-18,2025,4,,,,,,,1.8277,baostock
688535,,2026-03-31,2026-04-28,2026,1,0.0062,0.0606,0.2858,13488776.63,0.3184,,,baostock
688561,,2026-03-31,2026-04-30,2026,1,-0.0535,-0.5436,0.5399,-389489027.91,-1.8434,,0.3106,baostock
688629,,2026-03-31,2026-04-28,2026,1,0.0561,0.1636,0.3034,103624078.09,0.9368,,0.483,baostock
688676,,2026-03-31,2026-04-24,2026,1,0.0212,0.0733,0.2574,111655376.89,1.4457,,0.5785,baostock
688686,,2026-03-31,2026-04-29,2026,1,0.0206,0.1867,0.5773,66740351.86,1.5724,,2.5305,baostock
688702,,2026-03-31,2026-04-23,2026,1,-0.0076,-0.0686,0.4945,-17029645.22,-0.3702,,6.9173,baostock
688716,,2026-03-31,2026-04-29,2026,1,-0.0041,-0.0733,0.5064,-4813659.96,0.0114,,7.5548,baostock
688729,,2026-03-31,2026-04-29,2026,1,0.0178,0.1536,0.4002,159346898.78,0.2073,,2.695,baostock
688766,,2026-03-31,2026-04-29,2026,1,0.0982,0.2575,0.4468,372549550.86,2.9731,,1.066,baostock
688787,,2026-03-31,2026-04-24,2026,1,0.0113,0.0937,0.5643,9067999.43,0.3672,,2.4661,baostock
688795,,2026-03-31,2026-04-27,2026,1,0.0026,0.0398,0.6735,29359218.61,-1.8274,,3.4406,baostock
688802,,2026-03-31,2026-04-30,2026,1,-0.0075,-0.1759,0.6005,-98842443.1,-1.639,,22.6462,baostock
688981,,2026-03-31,2026-05-15,2026,1,0.0091,0.0905,0.2148,1593998000.0,0.6306,,0.9672,baostock
