symbol,universe,created_at
000063,manual_watchlist,2026-07-08T22:54:26+08:00
000333,manual_watchlist,2026-07-08T22:54:26+08:00
000400,manual_watchlist,2026-07-08T22:54:26+08:00
000533,manual_watchlist,2026-07-08T22:54:26+08:00
000620,manual_watchlist,2026-07-08T22:54:26+08:00
000636,manual_watchlist,2026-07-08T22:54:26+08:00
000681,manual_watchlist,2026-07-08T22:54:26+08:00
000880,manual_watchlist,2026-07-08T22:54:26+08:00
000938,manual_watchlist,2026-07-08T22:54:26+08:00
000959,manual_watchlist,2026-07-08T22:54:26+08:00
000970,manual_watchlist,2026-07-08T22:54:26+08:00
000977,manual_watchlist,2026-07-08T22:54:26+08:00
000988,manual_watchlist,2026-07-08T22:54:26+08:00
001309,manual_watchlist,2026-07-08T22:54:26+08:00
001896,manual_watchlist,2026-07-08T22:54:26+08:00
002028,manual_watchlist,2026-07-08T22:54:26+08:00
002049,manual_watchlist,2026-07-08T22:54:26+08:00
002050,manual_watchlist,2026-07-08T22:54:26+08:00
002063,manual_watchlist,2026-07-08T22:54:26+08:00
002080,manual_watchlist,2026-07-08T22:54:26+08:00
002090,manual_watchlist,2026-07-08T22:54:26+08:00
002130,manual_watchlist,2026-07-08T22:54:26+08:00
002131,manual_watchlist,2026-07-08T22:54:26+08:00
002138,manual_watchlist,2026-07-08T22:54:26+08:00
002151,manual_watchlist,2026-07-08T22:54:26+08:00
002156,manual_watchlist,2026-07-08T22:54:26+08:00
002179,manual_watchlist,2026-07-08T22:54:26+08:00
002185,manual_watchlist,2026-07-08T22:54:26+08:00
002202,manual_watchlist,2026-07-08T22:54:26+08:00
002212,manual_watchlist,2026-07-08T22:54:26+08:00
002222,manual_watchlist,2026-07-08T22:54:26+08:00
002223,manual_watchlist,2026-07-08T22:54:26+08:00
002230,manual_watchlist,2026-07-08T22:54:26+08:00
002236,manual_watchlist,2026-07-08T22:54:26+08:00
002241,manual_watchlist,2026-07-08T22:54:26+08:00
002261,manual_watchlist,2026-07-08T22:54:26+08:00
002270,manual_watchlist,2026-07-08T22:54:26+08:00
002273,manual_watchlist,2026-07-08T22:54:26+08:00
002281,manual_watchlist,2026-07-08T22:54:26+08:00
002288,manual_watchlist,2026-07-08T22:54:26+08:00
002335,manual_watchlist,2026-07-08T22:54:26+08:00
002352,manual_watchlist,2026-07-08T22:54:26+08:00
002364,manual_watchlist,2026-07-08T22:54:26+08:00
002373,manual_watchlist,2026-07-08T22:54:26+08:00
002384,manual_watchlist,2026-07-08T22:54:26+08:00
002396,manual_watchlist,2026-07-08T22:54:26+08:00
002400,manual_watchlist,2026-07-08T22:54:26+08:00
002405,manual_watchlist,2026-07-08T22:54:26+08:00
002415,manual_watchlist,2026-07-08T22:54:26+08:00
002421,manual_watchlist,2026-07-08T22:54:26+08:00
002422,manual_watchlist,2026-07-08T22:54:26+08:00
002436,manual_watchlist,2026-07-08T22:54:26+08:00
002439,manual_watchlist,2026-07-08T22:54:26+08:00
002463,manual_watchlist,2026-07-08T22:54:26+08:00
002472,manual_watchlist,2026-07-08T22:54:26+08:00
002475,manual_watchlist,2026-07-08T22:54:26+08:00
002517,manual_watchlist,2026-07-08T22:54:26+08:00
002518,manual_watchlist,2026-07-08T22:54:26+08:00
002555,manual_watchlist,2026-07-08T22:54:26+08:00
002558,manual_watchlist,2026-07-08T22:54:26+08:00
002575,manual_watchlist,2026-07-08T22:54:26+08:00
002594,manual_watchlist,2026-07-08T22:54:26+08:00
002602,manual_watchlist,2026-07-08T22:54:26+08:00
002624,manual_watchlist,2026-07-08T22:54:26+08:00
002636,manual_watchlist,2026-07-08T22:54:26+08:00
002703,manual_watchlist,2026-07-08T22:54:26+08:00
002714,manual_watchlist,2026-07-08T22:54:26+08:00
002747,manual_watchlist,2026-07-08T22:54:26+08:00
002757,manual_watchlist,2026-07-08T22:54:26+08:00
002766,manual_watchlist,2026-07-08T22:54:26+08:00
002837,manual_watchlist,2026-07-08T22:54:26+08:00
002841,manual_watchlist,2026-07-08T22:54:26+08:00
002851,manual_watchlist,2026-07-08T22:54:26+08:00
002916,manual_watchlist,2026-07-08T22:54:26+08:00
002920,manual_watchlist,2026-07-08T22:54:26+08:00
002929,manual_watchlist,2026-07-08T22:54:26+08:00
002931,manual_watchlist,2026-07-08T22:54:26+08:00
002938,manual_watchlist,2026-07-08T22:54:26+08:00
002955,manual_watchlist,2026-07-08T22:54:26+08:00
003031,manual_watchlist,2026-07-08T22:54:26+08:00
003816,manual_watchlist,2026-07-08T22:54:26+08:00
300014,manual_watchlist,2026-07-08T22:54:26+08:00
300017,manual_watchlist,2026-07-08T22:54:26+08:00
300033,manual_watchlist,2026-07-08T22:54:26+08:00
300036,manual_watchlist,2026-07-08T22:54:26+08:00
300042,manual_watchlist,2026-07-08T22:54:26+08:00
300054,manual_watchlist,2026-07-08T22:54:26+08:00
300058,manual_watchlist,2026-07-08T22:54:26+08:00
300059,manual_watchlist,2026-07-08T22:54:26+08:00
300068,manual_watchlist,2026-07-08T22:54:26+08:00
300124,manual_watchlist,2026-07-08T22:54:26+08:00
300153,manual_watchlist,2026-07-08T22:54:26+08:00
300177,manual_watchlist,2026-07-08T22:54:26+08:00
300212,manual_watchlist,2026-07-08T22:54:26+08:00
300223,manual_watchlist,2026-07-08T22:54:26+08:00
300229,manual_watchlist,2026-07-08T22:54:26+08:00
300249,manual_watchlist,2026-07-08T22:54:26+08:00
300252,manual_watchlist,2026-07-08T22:54:26+08:00
300253,manual_watchlist,2026-07-08T22:54:26+08:00
300271,manual_watchlist,2026-07-08T22:54:26+08:00
300274,manual_watchlist,2026-07-08T22:54:26+08:00
300308,manual_watchlist,2026-07-08T22:54:26+08:00
300319,manual_watchlist,2026-07-08T22:54:26+08:00
300347,manual_watchlist,2026-07-08T22:54:26+08:00
300364,manual_watchlist,2026-07-08T22:54:26+08:00
300369,manual_watchlist,2026-07-08T22:54:26+08:00
300376,manual_watchlist,2026-07-08T22:54:26+08:00
300383,manual_watchlist,2026-07-08T22:54:26+08:00
300394,manual_watchlist,2026-07-08T22:54:26+08:00
300408,manual_watchlist,2026-07-08T22:54:26+08:00
300418,manual_watchlist,2026-07-08T22:54:26+08:00
300442,manual_watchlist,2026-07-08T22:54:26+08:00
300451,manual_watchlist,2026-07-08T22:54:26+08:00
300454,manual_watchlist,2026-07-08T22:54:26+08:00
300459,manual_watchlist,2026-07-08T22:54:26+08:00
300475,manual_watchlist,2026-07-08T22:54:26+08:00
300476,manual_watchlist,2026-07-08T22:54:26+08:00
300496,manual_watchlist,2026-07-08T22:54:26+08:00
300499,manual_watchlist,2026-07-08T22:54:26+08:00
300502,manual_watchlist,2026-07-08T22:54:26+08:00
300548,manual_watchlist,2026-07-08T22:54:26+08:00
300559,manual_watchlist,2026-07-08T22:54:26+08:00
300567,manual_watchlist,2026-07-08T22:54:26+08:00
300570,manual_watchlist,2026-07-08T22:54:26+08:00
300571,manual_watchlist,2026-07-08T22:54:26+08:00
300607,manual_watchlist,2026-07-08T22:54:26+08:00
300624,manual_watchlist,2026-07-08T22:54:26+08:00
300627,manual_watchlist,2026-07-08T22:54:26+08:00
300661,manual_watchlist,2026-07-08T22:54:26+08:00
300666,manual_watchlist,2026-07-08T22:54:26+08:00
300674,manual_watchlist,2026-07-08T22:54:26+08:00
300679,manual_watchlist,2026-07-08T22:54:26+08:00
300682,manual_watchlist,2026-07-08T22:54:26+08:00
300684,manual_watchlist,2026-07-08T22:54:26+08:00
300738,manual_watchlist,2026-07-08T22:54:26+08:00
300750,manual_watchlist,2026-07-08T22:54:26+08:00
300759,manual_watchlist,2026-07-08T22:54:26+08:00
300760,manual_watchlist,2026-07-08T22:54:26+08:00
300802,manual_watchlist,2026-07-08T22:54:26+08:00
300842,manual_watchlist,2026-07-08T22:54:26+08:00
300846,manual_watchlist,2026-07-08T22:54:26+08:00
300857,manual_watchlist,2026-07-08T22:54:26+08:00
300863,manual_watchlist,2026-07-08T22:54:26+08:00
300870,manual_watchlist,2026-07-08T22:54:26+08:00
300913,manual_watchlist,2026-07-08T22:54:26+08:00
300990,manual_watchlist,2026-07-08T22:54:26+08:00
301018,manual_watchlist,2026-07-08T22:54:26+08:00
301095,manual_watchlist,2026-07-08T22:54:26+08:00
301165,manual_watchlist,2026-07-08T22:54:26+08:00
301183,manual_watchlist,2026-07-08T22:54:26+08:00
301269,manual_watchlist,2026-07-08T22:54:26+08:00
301291,manual_watchlist,2026-07-08T22:54:26+08:00
301308,manual_watchlist,2026-07-08T22:54:26+08:00
301377,manual_watchlist,2026-07-08T22:54:26+08:00
301556,manual_watchlist,2026-07-08T22:54:26+08:00
301666,manual_watchlist,2026-07-08T22:54:26+08:00
600019,manual_watchlist,2026-07-08T22:54:26+08:00
600021,manual_watchlist,2026-07-08T22:54:26+08:00
600050,manual_watchlist,2026-07-08T22:54:26+08:00
600055,manual_watchlist,2026-07-08T22:54:26+08:00
600089,manual_watchlist,2026-07-08T22:54:26+08:00
600131,manual_watchlist,2026-07-08T22:54:26+08:00
600160,manual_watchlist,2026-07-08T22:54:26+08:00
600183,manual_watchlist,2026-07-08T22:54:26+08:00
600186,manual_watchlist,2026-07-08T22:54:26+08:00
600276,manual_watchlist,2026-07-08T22:54:26+08:00
600353,manual_watchlist,2026-07-08T22:54:26+08:00
600362,manual_watchlist,2026-07-08T22:54:26+08:00
600406,manual_watchlist,2026-07-08T22:54:26+08:00
600438,manual_watchlist,2026-07-08T22:54:26+08:00
600446,manual_watchlist,2026-07-08T22:54:26+08:00
600487,manual_watchlist,2026-07-08T22:54:26+08:00
600498,manual_watchlist,2026-07-08T22:54:26+08:00
600521,manual_watchlist,2026-07-08T22:54:26+08:00
600522,manual_watchlist,2026-07-08T22:54:26+08:00
600550,manual_watchlist,2026-07-08T22:54:26+08:00
600570,manual_watchlist,2026-07-08T22:54:26+08:00
600577,manual_watchlist,2026-07-08T22:54:26+08:00
600584,manual_watchlist,2026-07-08T22:54:26+08:00
600588,manual_watchlist,2026-07-08T22:54:26+08:00
600589,manual_watchlist,2026-07-08T22:54:26+08:00
600590,manual_watchlist,2026-07-08T22:54:26+08:00
600633,manual_watchlist,2026-07-08T22:54:26+08:00
600673,manual_watchlist,2026-07-08T22:54:26+08:00
600699,manual_watchlist,2026-07-08T22:54:26+08:00
600718,manual_watchlist,2026-07-08T22:54:26+08:00
600728,manual_watchlist,2026-07-08T22:54:26+08:00
600745,manual_watchlist,2026-07-08T22:54:26+08:00
600795,manual_watchlist,2026-07-08T22:54:26+08:00
600841,manual_watchlist,2026-07-08T22:54:26+08:00
600875,manual_watchlist,2026-07-08T22:54:26+08:00
600900,manual_watchlist,2026-07-08T22:54:26+08:00
600941,manual_watchlist,2026-07-08T22:54:26+08:00
600973,manual_watchlist,2026-07-08T22:54:26+08:00
601012,manual_watchlist,2026-07-08T22:54:26+08:00
601100,manual_watchlist,2026-07-08T22:54:26+08:00
601138,manual_watchlist,2026-07-08T22:54:26+08:00
601179,manual_watchlist,2026-07-08T22:54:26+08:00
601208,manual_watchlist,2026-07-08T22:54:26+08:00
601318,manual_watchlist,2026-07-08T22:54:26+08:00
601360,manual_watchlist,2026-07-08T22:54:26+08:00
601519,manual_watchlist,2026-07-08T22:54:26+08:00
601633,manual_watchlist,2026-07-08T22:54:26+08:00
601668,manual_watchlist,2026-07-08T22:54:26+08:00
601669,manual_watchlist,2026-07-08T22:54:26+08:00
601689,manual_watchlist,2026-07-08T22:54:26+08:00
601727,manual_watchlist,2026-07-08T22:54:26+08:00
601728,manual_watchlist,2026-07-08T22:54:26+08:00
601868,manual_watchlist,2026-07-08T22:54:26+08:00
601869,manual_watchlist,2026-07-08T22:54:26+08:00
601899,manual_watchlist,2026-07-08T22:54:26+08:00
601985,manual_watchlist,2026-07-08T22:54:26+08:00
603019,manual_watchlist,2026-07-08T22:54:26+08:00
603039,manual_watchlist,2026-07-08T22:54:26+08:00
603056,manual_watchlist,2026-07-08T22:54:26+08:00
603186,manual_watchlist,2026-07-08T22:54:26+08:00
603220,manual_watchlist,2026-07-08T22:54:26+08:00
603228,manual_watchlist,2026-07-08T22:54:26+08:00
603259,manual_watchlist,2026-07-08T22:54:26+08:00
603283,manual_watchlist,2026-07-08T22:54:26+08:00
603297,manual_watchlist,2026-07-08T22:54:26+08:00
603383,manual_watchlist,2026-07-08T22:54:26+08:00
603444,manual_watchlist,2026-07-08T22:54:26+08:00
603501,manual_watchlist,2026-07-08T22:54:26+08:00
603596,manual_watchlist,2026-07-08T22:54:26+08:00
603629,manual_watchlist,2026-07-08T22:54:26+08:00
603662,manual_watchlist,2026-07-08T22:54:26+08:00
603728,manual_watchlist,2026-07-08T22:54:26+08:00
603881,manual_watchlist,2026-07-08T22:54:26+08:00
603887,manual_watchlist,2026-07-08T22:54:26+08:00
603893,manual_watchlist,2026-07-08T22:54:26+08:00
603912,manual_watchlist,2026-07-08T22:54:26+08:00
603985,manual_watchlist,2026-07-08T22:54:26+08:00
603986,manual_watchlist,2026-07-08T22:54:26+08:00
603993,manual_watchlist,2026-07-08T22:54:26+08:00
688003,manual_watchlist,2026-07-08T22:54:26+08:00
688008,manual_watchlist,2026-07-08T22:54:26+08:00
688017,manual_watchlist,2026-07-08T22:54:26+08:00
688019,manual_watchlist,2026-07-08T22:54:26+08:00
688023,manual_watchlist,2026-07-08T22:54:26+08:00
688030,manual_watchlist,2026-07-08T22:54:26+08:00
688031,manual_watchlist,2026-07-08T22:54:26+08:00
688035,manual_watchlist,2026-07-08T22:54:26+08:00
688041,manual_watchlist,2026-07-08T22:54:26+08:00
688045,manual_watchlist,2026-07-08T22:54:26+08:00
688066,manual_watchlist,2026-07-08T22:54:26+08:00
688072,manual_watchlist,2026-07-08T22:54:26+08:00
688082,manual_watchlist,2026-07-08T22:54:26+08:00
688107,manual_watchlist,2026-07-08T22:54:26+08:00
688110,manual_watchlist,2026-07-08T22:54:26+08:00
688111,manual_watchlist,2026-07-08T22:54:26+08:00
688123,manual_watchlist,2026-07-08T22:54:26+08:00
688126,manual_watchlist,2026-07-08T22:54:26+08:00
688141,manual_watchlist,2026-07-08T22:54:26+08:00
688158,manual_watchlist,2026-07-08T22:54:26+08:00
688206,manual_watchlist,2026-07-08T22:54:26+08:00
688207,manual_watchlist,2026-07-08T22:54:26+08:00
688225,manual_watchlist,2026-07-08T22:54:26+08:00
688226,manual_watchlist,2026-07-08T22:54:26+08:00
688227,manual_watchlist,2026-07-08T22:54:26+08:00
688244,manual_watchlist,2026-07-08T22:54:26+08:00
688256,manual_watchlist,2026-07-08T22:54:26+08:00
688257,manual_watchlist,2026-07-08T22:54:26+08:00
688262,manual_watchlist,2026-07-08T22:54:26+08:00
688268,manual_watchlist,2026-07-08T22:54:26+08:00
688271,manual_watchlist,2026-07-08T22:54:26+08:00
688300,manual_watchlist,2026-07-08T22:54:26+08:00
688313,manual_watchlist,2026-07-08T22:54:26+08:00
688316,manual_watchlist,2026-07-08T22:54:26+08:00
688320,manual_watchlist,2026-07-08T22:54:26+08:00
688322,manual_watchlist,2026-07-08T22:54:26+08:00
688326,manual_watchlist,2026-07-08T22:54:26+08:00
688327,manual_watchlist,2026-07-08T22:54:26+08:00
688343,manual_watchlist,2026-07-08T22:54:26+08:00
688361,manual_watchlist,2026-07-08T22:54:26+08:00
688362,manual_watchlist,2026-07-08T22:54:26+08:00
688365,manual_watchlist,2026-07-08T22:54:26+08:00
688368,manual_watchlist,2026-07-08T22:54:26+08:00
688369,manual_watchlist,2026-07-08T22:54:26+08:00
688383,manual_watchlist,2026-07-08T22:54:26+08:00
688385,manual_watchlist,2026-07-08T22:54:26+08:00
688388,manual_watchlist,2026-07-08T22:54:26+08:00
688396,manual_watchlist,2026-07-08T22:54:26+08:00
688400,manual_watchlist,2026-07-08T22:54:26+08:00
688469,manual_watchlist,2026-07-08T22:54:26+08:00
688498,manual_watchlist,2026-07-08T22:54:26+08:00
688505,manual_watchlist,2026-07-08T22:54:26+08:00
688521,manual_watchlist,2026-07-08T22:54:26+08:00
688525,manual_watchlist,2026-07-08T22:54:26+08:00
688535,manual_watchlist,2026-07-08T22:54:26+08:00
688561,manual_watchlist,2026-07-08T22:54:26+08:00
688629,manual_watchlist,2026-07-08T22:54:26+08:00
688676,manual_watchlist,2026-07-08T22:54:26+08:00
688686,manual_watchlist,2026-07-08T22:54:26+08:00
688702,manual_watchlist,2026-07-08T22:54:26+08:00
688716,manual_watchlist,2026-07-08T22:54:26+08:00
688729,manual_watchlist,2026-07-08T22:54:26+08:00
688766,manual_watchlist,2026-07-08T22:54:26+08:00
688787,manual_watchlist,2026-07-08T22:54:26+08:00
688795,manual_watchlist,2026-07-08T22:54:26+08:00
688802,manual_watchlist,2026-07-08T22:54:26+08:00
688911,manual_watchlist,2026-07-08T22:54:26+08:00
688981,manual_watchlist,2026-07-08T22:54:26+08:00
839493,manual_watchlist,2026-07-08T22:54:26+08:00
839693,manual_watchlist,2026-07-08T22:54:26+08:00
872541,manual_watchlist,2026-07-08T22:54:26+08:00
